--
-- PostgreSQL database dump
--

-- Dumped from database version 16.1 (Debian 16.1-1.pgdg120+1)
-- Dumped by pg_dump version 16.1 (Ubuntu 16.1-1.pgdg22.04+1)

SET statement_timeout = 0;
SET lock_timeout = 0;
SET idle_in_transaction_session_timeout = 0;
SET client_encoding = 'UTF8';
SET standard_conforming_strings = on;
SELECT pg_catalog.set_config('search_path', '', false);
SET check_function_bodies = false;
SET xmloption = content;
SET client_min_messages = warning;
SET row_security = off;

DROP DATABASE IF EXISTS bee_cost;
--
-- Name: bee_cost; Type: DATABASE; Schema: -; Owner: root
--

CREATE DATABASE bee_cost WITH TEMPLATE = template0 ENCODING = 'UTF8' LOCALE_PROVIDER = libc LOCALE = 'en_US.utf8';


ALTER DATABASE bee_cost OWNER TO root;

\connect bee_cost

SET statement_timeout = 0;
SET lock_timeout = 0;
SET idle_in_transaction_session_timeout = 0;
SET client_encoding = 'UTF8';
SET standard_conforming_strings = on;
SELECT pg_catalog.set_config('search_path', '', false);
SET check_function_bodies = false;
SET xmloption = content;
SET client_min_messages = warning;
SET row_security = off;

SET default_tablespace = '';

SET default_table_access_method = heap;

--
-- Name: auth_group; Type: TABLE; Schema: public; Owner: root
--

CREATE TABLE public.auth_group (
    id integer NOT NULL,
    name character varying(150) NOT NULL
);


ALTER TABLE public.auth_group OWNER TO root;

--
-- Name: auth_group_id_seq; Type: SEQUENCE; Schema: public; Owner: root
--

ALTER TABLE public.auth_group ALTER COLUMN id ADD GENERATED BY DEFAULT AS IDENTITY (
    SEQUENCE NAME public.auth_group_id_seq
    START WITH 1
    INCREMENT BY 1
    NO MINVALUE
    NO MAXVALUE
    CACHE 1
);


--
-- Name: auth_group_permissions; Type: TABLE; Schema: public; Owner: root
--

CREATE TABLE public.auth_group_permissions (
    id bigint NOT NULL,
    group_id integer NOT NULL,
    permission_id integer NOT NULL
);


ALTER TABLE public.auth_group_permissions OWNER TO root;

--
-- Name: auth_group_permissions_id_seq; Type: SEQUENCE; Schema: public; Owner: root
--

ALTER TABLE public.auth_group_permissions ALTER COLUMN id ADD GENERATED BY DEFAULT AS IDENTITY (
    SEQUENCE NAME public.auth_group_permissions_id_seq
    START WITH 1
    INCREMENT BY 1
    NO MINVALUE
    NO MAXVALUE
    CACHE 1
);


--
-- Name: auth_permission; Type: TABLE; Schema: public; Owner: root
--

CREATE TABLE public.auth_permission (
    id integer NOT NULL,
    name character varying(255) NOT NULL,
    content_type_id integer NOT NULL,
    codename character varying(100) NOT NULL
);


ALTER TABLE public.auth_permission OWNER TO root;

--
-- Name: auth_permission_id_seq; Type: SEQUENCE; Schema: public; Owner: root
--

ALTER TABLE public.auth_permission ALTER COLUMN id ADD GENERATED BY DEFAULT AS IDENTITY (
    SEQUENCE NAME public.auth_permission_id_seq
    START WITH 1
    INCREMENT BY 1
    NO MINVALUE
    NO MAXVALUE
    CACHE 1
);


--
-- Name: auth_user; Type: TABLE; Schema: public; Owner: root
--

CREATE TABLE public.auth_user (
    id integer NOT NULL,
    password character varying(128) NOT NULL,
    last_login timestamp with time zone,
    is_superuser boolean NOT NULL,
    username character varying(150) NOT NULL,
    first_name character varying(150) NOT NULL,
    last_name character varying(150) NOT NULL,
    email character varying(254) NOT NULL,
    is_staff boolean NOT NULL,
    is_active boolean NOT NULL,
    date_joined timestamp with time zone NOT NULL
);


ALTER TABLE public.auth_user OWNER TO root;

--
-- Name: auth_user_groups; Type: TABLE; Schema: public; Owner: root
--

CREATE TABLE public.auth_user_groups (
    id bigint NOT NULL,
    user_id integer NOT NULL,
    group_id integer NOT NULL
);


ALTER TABLE public.auth_user_groups OWNER TO root;

--
-- Name: auth_user_groups_id_seq; Type: SEQUENCE; Schema: public; Owner: root
--

ALTER TABLE public.auth_user_groups ALTER COLUMN id ADD GENERATED BY DEFAULT AS IDENTITY (
    SEQUENCE NAME public.auth_user_groups_id_seq
    START WITH 1
    INCREMENT BY 1
    NO MINVALUE
    NO MAXVALUE
    CACHE 1
);


--
-- Name: auth_user_id_seq; Type: SEQUENCE; Schema: public; Owner: root
--

ALTER TABLE public.auth_user ALTER COLUMN id ADD GENERATED BY DEFAULT AS IDENTITY (
    SEQUENCE NAME public.auth_user_id_seq
    START WITH 1
    INCREMENT BY 1
    NO MINVALUE
    NO MAXVALUE
    CACHE 1
);


--
-- Name: auth_user_user_permissions; Type: TABLE; Schema: public; Owner: root
--

CREATE TABLE public.auth_user_user_permissions (
    id bigint NOT NULL,
    user_id integer NOT NULL,
    permission_id integer NOT NULL
);


ALTER TABLE public.auth_user_user_permissions OWNER TO root;

--
-- Name: auth_user_user_permissions_id_seq; Type: SEQUENCE; Schema: public; Owner: root
--

ALTER TABLE public.auth_user_user_permissions ALTER COLUMN id ADD GENERATED BY DEFAULT AS IDENTITY (
    SEQUENCE NAME public.auth_user_user_permissions_id_seq
    START WITH 1
    INCREMENT BY 1
    NO MINVALUE
    NO MAXVALUE
    CACHE 1
);


--
-- Name: beecost_description; Type: TABLE; Schema: public; Owner: root
--

CREATE TABLE public.beecost_description (
    id bigint NOT NULL,
    type character varying(50) NOT NULL,
    content text NOT NULL,
    product_id bigint NOT NULL
);


ALTER TABLE public.beecost_description OWNER TO root;

--
-- Name: beecost_description_id_seq; Type: SEQUENCE; Schema: public; Owner: root
--

ALTER TABLE public.beecost_description ALTER COLUMN id ADD GENERATED BY DEFAULT AS IDENTITY (
    SEQUENCE NAME public.beecost_description_id_seq
    START WITH 1
    INCREMENT BY 1
    NO MINVALUE
    NO MAXVALUE
    CACHE 1
);


--
-- Name: beecost_placeofsell; Type: TABLE; Schema: public; Owner: root
--

CREATE TABLE public.beecost_placeofsell (
    id bigint NOT NULL,
    name character varying(100) NOT NULL,
    image1 character varying(100),
    image2 character varying(100)
);


ALTER TABLE public.beecost_placeofsell OWNER TO root;

--
-- Name: beecost_placeofsell_id_seq; Type: SEQUENCE; Schema: public; Owner: root
--

ALTER TABLE public.beecost_placeofsell ALTER COLUMN id ADD GENERATED BY DEFAULT AS IDENTITY (
    SEQUENCE NAME public.beecost_placeofsell_id_seq
    START WITH 1
    INCREMENT BY 1
    NO MINVALUE
    NO MAXVALUE
    CACHE 1
);


--
-- Name: beecost_posts; Type: TABLE; Schema: public; Owner: root
--

CREATE TABLE public.beecost_posts (
    id bigint NOT NULL,
    title character varying(200) NOT NULL,
    content text NOT NULL,
    image character varying(100)
);


ALTER TABLE public.beecost_posts OWNER TO root;

--
-- Name: beecost_post_id_seq; Type: SEQUENCE; Schema: public; Owner: root
--

ALTER TABLE public.beecost_posts ALTER COLUMN id ADD GENERATED BY DEFAULT AS IDENTITY (
    SEQUENCE NAME public.beecost_post_id_seq
    START WITH 1
    INCREMENT BY 1
    NO MINVALUE
    NO MAXVALUE
    CACHE 1
);


--
-- Name: beecost_product; Type: TABLE; Schema: public; Owner: root
--

CREATE TABLE public.beecost_product (
    id bigint NOT NULL,
    code character varying(100) NOT NULL,
    name character varying(100) NOT NULL,
    current_price double precision NOT NULL,
    old_price double precision NOT NULL,
    reduced_price double precision NOT NULL,
    point_evaluation double precision NOT NULL,
    number_of_reviews integer NOT NULL,
    number_of_sells integer NOT NULL,
    image character varying(100),
    place_of_sell_id bigint NOT NULL
);


ALTER TABLE public.beecost_product OWNER TO root;

--
-- Name: beecost_product_id_seq; Type: SEQUENCE; Schema: public; Owner: root
--

ALTER TABLE public.beecost_product ALTER COLUMN id ADD GENERATED BY DEFAULT AS IDENTITY (
    SEQUENCE NAME public.beecost_product_id_seq
    START WITH 1
    INCREMENT BY 1
    NO MINVALUE
    NO MAXVALUE
    CACHE 1
);


--
-- Name: beecost_review; Type: TABLE; Schema: public; Owner: root
--

CREATE TABLE public.beecost_review (
    id bigint NOT NULL,
    comment text NOT NULL,
    "time" character varying(100) NOT NULL,
    image1 character varying(100),
    image2 character varying(100),
    image3 character varying(100),
    image4 character varying(100),
    image5 character varying(100),
    place_of_sell_id bigint NOT NULL,
    product_id bigint NOT NULL,
    user_id bigint NOT NULL
);


ALTER TABLE public.beecost_review OWNER TO root;

--
-- Name: beecost_review_id_seq; Type: SEQUENCE; Schema: public; Owner: root
--

ALTER TABLE public.beecost_review ALTER COLUMN id ADD GENERATED BY DEFAULT AS IDENTITY (
    SEQUENCE NAME public.beecost_review_id_seq
    START WITH 1
    INCREMENT BY 1
    NO MINVALUE
    NO MAXVALUE
    CACHE 1
);


--
-- Name: beecost_user; Type: TABLE; Schema: public; Owner: root
--

CREATE TABLE public.beecost_user (
    id bigint NOT NULL,
    name character varying(100) NOT NULL,
    avatar character varying(100)
);


ALTER TABLE public.beecost_user OWNER TO root;

--
-- Name: beecost_user_id_seq; Type: SEQUENCE; Schema: public; Owner: root
--

ALTER TABLE public.beecost_user ALTER COLUMN id ADD GENERATED BY DEFAULT AS IDENTITY (
    SEQUENCE NAME public.beecost_user_id_seq
    START WITH 1
    INCREMENT BY 1
    NO MINVALUE
    NO MAXVALUE
    CACHE 1
);


--
-- Name: django_admin_log; Type: TABLE; Schema: public; Owner: root
--

CREATE TABLE public.django_admin_log (
    id integer NOT NULL,
    action_time timestamp with time zone NOT NULL,
    object_id text,
    object_repr character varying(200) NOT NULL,
    action_flag smallint NOT NULL,
    change_message text NOT NULL,
    content_type_id integer,
    user_id integer NOT NULL,
    CONSTRAINT django_admin_log_action_flag_check CHECK ((action_flag >= 0))
);


ALTER TABLE public.django_admin_log OWNER TO root;

--
-- Name: django_admin_log_id_seq; Type: SEQUENCE; Schema: public; Owner: root
--

ALTER TABLE public.django_admin_log ALTER COLUMN id ADD GENERATED BY DEFAULT AS IDENTITY (
    SEQUENCE NAME public.django_admin_log_id_seq
    START WITH 1
    INCREMENT BY 1
    NO MINVALUE
    NO MAXVALUE
    CACHE 1
);


--
-- Name: django_content_type; Type: TABLE; Schema: public; Owner: root
--

CREATE TABLE public.django_content_type (
    id integer NOT NULL,
    app_label character varying(100) NOT NULL,
    model character varying(100) NOT NULL
);


ALTER TABLE public.django_content_type OWNER TO root;

--
-- Name: django_content_type_id_seq; Type: SEQUENCE; Schema: public; Owner: root
--

ALTER TABLE public.django_content_type ALTER COLUMN id ADD GENERATED BY DEFAULT AS IDENTITY (
    SEQUENCE NAME public.django_content_type_id_seq
    START WITH 1
    INCREMENT BY 1
    NO MINVALUE
    NO MAXVALUE
    CACHE 1
);


--
-- Name: django_migrations; Type: TABLE; Schema: public; Owner: root
--

CREATE TABLE public.django_migrations (
    id bigint NOT NULL,
    app character varying(255) NOT NULL,
    name character varying(255) NOT NULL,
    applied timestamp with time zone NOT NULL
);


ALTER TABLE public.django_migrations OWNER TO root;

--
-- Name: django_migrations_id_seq; Type: SEQUENCE; Schema: public; Owner: root
--

ALTER TABLE public.django_migrations ALTER COLUMN id ADD GENERATED BY DEFAULT AS IDENTITY (
    SEQUENCE NAME public.django_migrations_id_seq
    START WITH 1
    INCREMENT BY 1
    NO MINVALUE
    NO MAXVALUE
    CACHE 1
);


--
-- Name: django_session; Type: TABLE; Schema: public; Owner: root
--

CREATE TABLE public.django_session (
    session_key character varying(40) NOT NULL,
    session_data text NOT NULL,
    expire_date timestamp with time zone NOT NULL
);


ALTER TABLE public.django_session OWNER TO root;

--
-- Data for Name: auth_group; Type: TABLE DATA; Schema: public; Owner: root
--



--
-- Data for Name: auth_group_permissions; Type: TABLE DATA; Schema: public; Owner: root
--



--
-- Data for Name: auth_permission; Type: TABLE DATA; Schema: public; Owner: root
--

INSERT INTO public.auth_permission (id, name, content_type_id, codename) VALUES (1, 'Can add log entry', 1, 'add_logentry');
INSERT INTO public.auth_permission (id, name, content_type_id, codename) VALUES (2, 'Can change log entry', 1, 'change_logentry');
INSERT INTO public.auth_permission (id, name, content_type_id, codename) VALUES (3, 'Can delete log entry', 1, 'delete_logentry');
INSERT INTO public.auth_permission (id, name, content_type_id, codename) VALUES (4, 'Can view log entry', 1, 'view_logentry');
INSERT INTO public.auth_permission (id, name, content_type_id, codename) VALUES (5, 'Can add permission', 2, 'add_permission');
INSERT INTO public.auth_permission (id, name, content_type_id, codename) VALUES (6, 'Can change permission', 2, 'change_permission');
INSERT INTO public.auth_permission (id, name, content_type_id, codename) VALUES (7, 'Can delete permission', 2, 'delete_permission');
INSERT INTO public.auth_permission (id, name, content_type_id, codename) VALUES (8, 'Can view permission', 2, 'view_permission');
INSERT INTO public.auth_permission (id, name, content_type_id, codename) VALUES (9, 'Can add group', 3, 'add_group');
INSERT INTO public.auth_permission (id, name, content_type_id, codename) VALUES (10, 'Can change group', 3, 'change_group');
INSERT INTO public.auth_permission (id, name, content_type_id, codename) VALUES (11, 'Can delete group', 3, 'delete_group');
INSERT INTO public.auth_permission (id, name, content_type_id, codename) VALUES (12, 'Can view group', 3, 'view_group');
INSERT INTO public.auth_permission (id, name, content_type_id, codename) VALUES (13, 'Can add user', 4, 'add_user');
INSERT INTO public.auth_permission (id, name, content_type_id, codename) VALUES (14, 'Can change user', 4, 'change_user');
INSERT INTO public.auth_permission (id, name, content_type_id, codename) VALUES (15, 'Can delete user', 4, 'delete_user');
INSERT INTO public.auth_permission (id, name, content_type_id, codename) VALUES (16, 'Can view user', 4, 'view_user');
INSERT INTO public.auth_permission (id, name, content_type_id, codename) VALUES (17, 'Can add content type', 5, 'add_contenttype');
INSERT INTO public.auth_permission (id, name, content_type_id, codename) VALUES (18, 'Can change content type', 5, 'change_contenttype');
INSERT INTO public.auth_permission (id, name, content_type_id, codename) VALUES (19, 'Can delete content type', 5, 'delete_contenttype');
INSERT INTO public.auth_permission (id, name, content_type_id, codename) VALUES (20, 'Can view content type', 5, 'view_contenttype');
INSERT INTO public.auth_permission (id, name, content_type_id, codename) VALUES (21, 'Can add session', 6, 'add_session');
INSERT INTO public.auth_permission (id, name, content_type_id, codename) VALUES (22, 'Can change session', 6, 'change_session');
INSERT INTO public.auth_permission (id, name, content_type_id, codename) VALUES (23, 'Can delete session', 6, 'delete_session');
INSERT INTO public.auth_permission (id, name, content_type_id, codename) VALUES (24, 'Can view session', 6, 'view_session');
INSERT INTO public.auth_permission (id, name, content_type_id, codename) VALUES (25, 'Can add place of sell', 7, 'add_placeofsell');
INSERT INTO public.auth_permission (id, name, content_type_id, codename) VALUES (26, 'Can change place of sell', 7, 'change_placeofsell');
INSERT INTO public.auth_permission (id, name, content_type_id, codename) VALUES (27, 'Can delete place of sell', 7, 'delete_placeofsell');
INSERT INTO public.auth_permission (id, name, content_type_id, codename) VALUES (28, 'Can view place of sell', 7, 'view_placeofsell');
INSERT INTO public.auth_permission (id, name, content_type_id, codename) VALUES (29, 'Can add post', 8, 'add_post');
INSERT INTO public.auth_permission (id, name, content_type_id, codename) VALUES (30, 'Can change post', 8, 'change_post');
INSERT INTO public.auth_permission (id, name, content_type_id, codename) VALUES (31, 'Can delete post', 8, 'delete_post');
INSERT INTO public.auth_permission (id, name, content_type_id, codename) VALUES (32, 'Can view post', 8, 'view_post');
INSERT INTO public.auth_permission (id, name, content_type_id, codename) VALUES (33, 'Can add user', 9, 'add_user');
INSERT INTO public.auth_permission (id, name, content_type_id, codename) VALUES (34, 'Can change user', 9, 'change_user');
INSERT INTO public.auth_permission (id, name, content_type_id, codename) VALUES (35, 'Can delete user', 9, 'delete_user');
INSERT INTO public.auth_permission (id, name, content_type_id, codename) VALUES (36, 'Can view user', 9, 'view_user');
INSERT INTO public.auth_permission (id, name, content_type_id, codename) VALUES (37, 'Can add product', 10, 'add_product');
INSERT INTO public.auth_permission (id, name, content_type_id, codename) VALUES (38, 'Can change product', 10, 'change_product');
INSERT INTO public.auth_permission (id, name, content_type_id, codename) VALUES (39, 'Can delete product', 10, 'delete_product');
INSERT INTO public.auth_permission (id, name, content_type_id, codename) VALUES (40, 'Can view product', 10, 'view_product');
INSERT INTO public.auth_permission (id, name, content_type_id, codename) VALUES (41, 'Can add description', 11, 'add_description');
INSERT INTO public.auth_permission (id, name, content_type_id, codename) VALUES (42, 'Can change description', 11, 'change_description');
INSERT INTO public.auth_permission (id, name, content_type_id, codename) VALUES (43, 'Can delete description', 11, 'delete_description');
INSERT INTO public.auth_permission (id, name, content_type_id, codename) VALUES (44, 'Can view description', 11, 'view_description');
INSERT INTO public.auth_permission (id, name, content_type_id, codename) VALUES (45, 'Can add review', 12, 'add_review');
INSERT INTO public.auth_permission (id, name, content_type_id, codename) VALUES (46, 'Can change review', 12, 'change_review');
INSERT INTO public.auth_permission (id, name, content_type_id, codename) VALUES (47, 'Can delete review', 12, 'delete_review');
INSERT INTO public.auth_permission (id, name, content_type_id, codename) VALUES (48, 'Can view review', 12, 'view_review');
INSERT INTO public.auth_permission (id, name, content_type_id, codename) VALUES (49, 'Can add posts', 8, 'add_posts');
INSERT INTO public.auth_permission (id, name, content_type_id, codename) VALUES (50, 'Can change posts', 8, 'change_posts');
INSERT INTO public.auth_permission (id, name, content_type_id, codename) VALUES (51, 'Can delete posts', 8, 'delete_posts');
INSERT INTO public.auth_permission (id, name, content_type_id, codename) VALUES (52, 'Can view posts', 8, 'view_posts');


--
-- Data for Name: auth_user; Type: TABLE DATA; Schema: public; Owner: root
--



--
-- Data for Name: auth_user_groups; Type: TABLE DATA; Schema: public; Owner: root
--



--
-- Data for Name: auth_user_user_permissions; Type: TABLE DATA; Schema: public; Owner: root
--



--
-- Data for Name: beecost_description; Type: TABLE DATA; Schema: public; Owner: root
--

INSERT INTO public.beecost_description (id, type, content, product_id) VALUES (1, 'IMPORTANT', 'DUHaUMAwoLHvBwHCAMZqdC', 0);
INSERT INTO public.beecost_description (id, type, content, product_id) VALUES (3, 'IMPORTANT', 'APWZZyaLiwcHPPhAEACjJG', 2);
INSERT INTO public.beecost_description (id, type, content, product_id) VALUES (4, 'IMPORTANT', 'xRKywwwkoJVOlkSxOWdqEL', 3);
INSERT INTO public.beecost_description (id, type, content, product_id) VALUES (5, 'IMPORTANT', 'nUOLCaMvoXtlRsnZrNWFic', 4);
INSERT INTO public.beecost_description (id, type, content, product_id) VALUES (6, 'IMPORTANT', 'ZMILyKYCtxafJjNNlSMcky', 5);
INSERT INTO public.beecost_description (id, type, content, product_id) VALUES (7, 'IMPORTANT', 'rZAIcZtXIwOEUgYDnBNcLz', 6);
INSERT INTO public.beecost_description (id, type, content, product_id) VALUES (8, 'IMPORTANT', 'wmRBmjaVblXwgpiHXpcJdB', 7);
INSERT INTO public.beecost_description (id, type, content, product_id) VALUES (9, 'IMPORTANT', 'yumgDSihebaNHrVpCNJspf', 8);
INSERT INTO public.beecost_description (id, type, content, product_id) VALUES (10, 'IMPORTANT', 'KFUKZKAeLfRExQPOipdGCG', 9);
INSERT INTO public.beecost_description (id, type, content, product_id) VALUES (2, 'IMPORTANT', 'Sản phẩm có nhiều phiên bản, quý khách vui lòng đọc kỹ thông tin và chọn phiên bản phù hợp;Sử dụng cho Máy tính xách tay / Máy tính bảng / Điện thoại có cổng Type C;Phiên bản (60Hz) hỗ trợ 4K / 60Hz, phiên bản khác hỗ trợ 4K / 30Hz;Tất cả các cổng USB đều hỗ trợ Sạc và Truyền dữ liệu;Điện thoại di động / máy tính bảng sử dụng hub để đọc dữ liệu hoặc hiển thị mở rộng màn hình, thì điện thoại / máy tính bảng đó cần hỗ trợ chức năng OTG;Do cổng C có nhiều chuẩn khác nhau: vui lòng đảm bảo các chuẩn ThunderBolt 3 / USB-C 3.1 Gen 2 để hỗ trợ nhiều màn hình trước khi mua hàng;Do giới hạn của hệ điều hành, Windows hỗ trợ 3 màn hình riêng biệt, Mac không hỗ trợ 3 màn hình riêng biệt, chỉ hỗ trợ mirror mode và dual mode;', 1);


--
-- Data for Name: beecost_placeofsell; Type: TABLE DATA; Schema: public; Owner: root
--

INSERT INTO public.beecost_placeofsell (id, name, image1, image2) VALUES (2, 'Lazada', 'SUjsTFOcLUAufElJnJedDr', 'XThsFVYlWrBHJhYtDKcCyt');
INSERT INTO public.beecost_placeofsell (id, name, image1, image2) VALUES (3, 'Tiki', 'FJpPyaqDaNChGdDGmiwaIh', 'oLLmPCLICABzuwZziThbDW');
INSERT INTO public.beecost_placeofsell (id, name, image1, image2) VALUES (1, 'Shopee', 'pBiYPdkiMhIwRTxGzabPjr.jpg', 'mXkCwKOBaTnbVjeXArwBQH.png');


--
-- Data for Name: beecost_posts; Type: TABLE DATA; Schema: public; Owner: root
--

INSERT INTO public.beecost_posts (id, title, content, image) VALUES (2, 'Quạt tản gió là gì? Ưu nhược điểm của quạt tản gió
', 'Được sử dụng phổ biến, thế nhưng khi nhắc tới “quạt tản gió” đa số mọi người lại không hề biết chúng là gì? Bài viết này BeeCost sẽ giúp bạn hiểu hơn về khái niệm quạt tản gió cũ...', '15844272239663014.png');
INSERT INTO public.beecost_posts (id, title, content, image) VALUES (1, 'Có nên mua và sử dụng pin laptop giá rẻ không ? [CHUYÊN GIA TƯ VẤN]', 'Giá một chiếc pin laptop mới sẽ là không hề rẻ chút nào đối với những học sinh, sinh viên. Cho nên, không ít sinh viên nghĩ tới phương án sử dụng các loại pin laptop giá rẻ để tiết kiệ...', '15844247966228461.png');
INSERT INTO public.beecost_posts (id, title, content, image) VALUES (3, 'Hướng dẫn kiểm tra độ chai pin khi mua laptop cũ', 'Ngoài cấu hình máy, màn hình, vỏ máy… thì pin laptop cũng được khá nhiều người quan tâm khi mua laptop cũ. Chính vì vậy BeeCost sẽ hướng dẫn kiểm tra độ chai pin khi mua...', '15844277744921753.png');


--
-- Data for Name: beecost_product; Type: TABLE DATA; Schema: public; Owner: root
--

INSERT INTO public.beecost_product (id, code, name, current_price, old_price, reduced_price, point_evaluation, number_of_reviews, number_of_sells, image, place_of_sell_id) VALUES (5, 'AAA-vNpryWzTdVwueRbhONsRKd', 'tLchisGCaTSMhjLiVLpvee', 520073, 641494, 4900, 1.2, 693, 558, '2d864e2b0619f8aa456138ae17231d82.jpeg', 1);
INSERT INTO public.beecost_product (id, code, name, current_price, old_price, reduced_price, point_evaluation, number_of_reviews, number_of_sells, image, place_of_sell_id) VALUES (1, 'AAA-JxNZCFbihSGnZuUNaXmttN', 'rJWjULWkMlIyFMVoZruKvY', 558173, 554759, 8402, 4, 332, 612, 'FKCQEtJgmZxARjKjyGqkIh.jpeg', 1);
INSERT INTO public.beecost_product (id, code, name, current_price, old_price, reduced_price, point_evaluation, number_of_reviews, number_of_sells, image, place_of_sell_id) VALUES (38, 'AAA-ahsLMjELvoRBUtAkkvMyft', 'EtsAgBQlEySdAhrGsNgKRt', 525330, 979538, 3794, 4.6, 834, 239, '53e424b4e24a5a07412a1be9b46043ea.jpeg', 1);
INSERT INTO public.beecost_product (id, code, name, current_price, old_price, reduced_price, point_evaluation, number_of_reviews, number_of_sells, image, place_of_sell_id) VALUES (34, 'AAA-AbqbBzsZSMfbFrjHzZULRr', 'EQIzUbAIwtRfiqWcvZqZJP', 922403, 880231, 6448, 1.7, 227, 138, '03f074338bc5815fb00fdb9ab2e85f3d.jpeg', 1);
INSERT INTO public.beecost_product (id, code, name, current_price, old_price, reduced_price, point_evaluation, number_of_reviews, number_of_sells, image, place_of_sell_id) VALUES (31, 'BBB-HKlKANEYuBxpbzVPtpdLTM', 'dTBWCfgYIdqkaMzINnxblG', 432593, 146390, 9205, 4.7, 171, 133, 'Sd1334cde0fda402080ca03ea6a452d93s.jpg', 1);
INSERT INTO public.beecost_product (id, code, name, current_price, old_price, reduced_price, point_evaluation, number_of_reviews, number_of_sells, image, place_of_sell_id) VALUES (44, 'BBB-NlphRcQemFApsRamHuOvZk', 'DulQKKBMqeYaugxPgikzLg', 761263, 953168, 1741, 1.3, 727, 277, 'afa9aa53a5ed533b6eede3915a4780df_tn.jpeg', 1);
INSERT INTO public.beecost_product (id, code, name, current_price, old_price, reduced_price, point_evaluation, number_of_reviews, number_of_sells, image, place_of_sell_id) VALUES (26, 'BBB-ZnFBheMuvxlHAgyjAjIYAH', 'glJWEbRJXBUbvvqugVYYUj', 587285, 626474, 6991, 1.4, 127, 782, '2f6a6323722fa0d8694284bf9c49a4f2_tn.jpeg', 1);
INSERT INTO public.beecost_product (id, code, name, current_price, old_price, reduced_price, point_evaluation, number_of_reviews, number_of_sells, image, place_of_sell_id) VALUES (22, 'BBB-uVjBfFRMXEZCOfCaYMVQPz', 'OTzHgXuHhRGnZZAcIRurtD', 609777, 497457, 5288, 1.8, 835, 628, '8a58f0c8799a5d5bb348d721778c19b3.jpg', 1);
INSERT INTO public.beecost_product (id, code, name, current_price, old_price, reduced_price, point_evaluation, number_of_reviews, number_of_sells, image, place_of_sell_id) VALUES (28, 'BBB-qrFNrlpTyykoTOdALUPgDE', 'DaSVJXfEGUscxLpzSpmuDX', 874384, 723458, 8140, 1.1, 124, 760, '8536ef8672942809d62547fd6d7042d4_tn.jpeg', 1);
INSERT INTO public.beecost_product (id, code, name, current_price, old_price, reduced_price, point_evaluation, number_of_reviews, number_of_sells, image, place_of_sell_id) VALUES (8, 'BBB-ZzbRTZLtVSBqokIEqxoAIb', 'arJaXlJpReaNbGUpCjhoIz', 765197, 794744, 5218, 4.7, 625, 714, '0b841c00ca3ad6c43d8dcc3445a7109c_tn.jpeg', 1);
INSERT INTO public.beecost_product (id, code, name, current_price, old_price, reduced_price, point_evaluation, number_of_reviews, number_of_sells, image, place_of_sell_id) VALUES (10, 'BBB-sSLviyhGFrRzgneshGpzRo', 'KKpYQmkCMWWcEFhRqsXYAb', 812357, 707689, 4399, 3.2, 211, 86, '580fc08876d6fc5d127bc1dcf6f75bf9_tn.jpeg', 1);
INSERT INTO public.beecost_product (id, code, name, current_price, old_price, reduced_price, point_evaluation, number_of_reviews, number_of_sells, image, place_of_sell_id) VALUES (41, 'BBB-ZfmTrweZWQBsUcZzQWsfwk', 'ZbrXpTfLhNZcuToWsgKqUx', 338726, 823860, 5356, 1.3, 575, 475, '4f36a490a26bd874167d15f1d66e96a5_tn.jpeg', 1);
INSERT INTO public.beecost_product (id, code, name, current_price, old_price, reduced_price, point_evaluation, number_of_reviews, number_of_sells, image, place_of_sell_id) VALUES (33, 'BBB-hGBSszGibcLwVhdpGbLaTP', 'jazbZswHSOxBNJFaivNGlz', 910041, 979243, 2145, 4.6, 729, 868, 'sg-11134201-7qveq-ljh7j8r66kne07_tn.jpeg', 1);
INSERT INTO public.beecost_product (id, code, name, current_price, old_price, reduced_price, point_evaluation, number_of_reviews, number_of_sells, image, place_of_sell_id) VALUES (39, 'BBB-gFJmSkxOtfuySTOglHPyVn', 'qtqXYEKLlEEhKCYZQKsyWs', 526564, 944158, 8468, 1.1, 735, 602, 'sg-11134201-7qvfg-lkauesdfqolab6_tn.jpeg', 1);
INSERT INTO public.beecost_product (id, code, name, current_price, old_price, reduced_price, point_evaluation, number_of_reviews, number_of_sells, image, place_of_sell_id) VALUES (27, 'BBB-UOFOYRgTjRvkKAccRhviGc', 'KByoUTGCHKemCaYjxdHJzy', 300305, 611721, 2383, 2.3, 410, 624, '8af3d16b6cc32939e9ac0b2685934d37_tn.jpeg', 1);
INSERT INTO public.beecost_product (id, code, name, current_price, old_price, reduced_price, point_evaluation, number_of_reviews, number_of_sells, image, place_of_sell_id) VALUES (42, 'AAA-eTaUnrwYCVFcTDDFYFEDBl', 'ZQdtJpKukOqPNometiNWLt', 611794, 987977, 5370, 3.1, 584, 400, 'd01055f6a5df466979ad3b6d0b1323f2.jpeg', 1);
INSERT INTO public.beecost_product (id, code, name, current_price, old_price, reduced_price, point_evaluation, number_of_reviews, number_of_sells, image, place_of_sell_id) VALUES (2, 'AAA-ZSUBgYQBuPXqefLMKNIKDZ', 'cNilSdJngnLBxqwnuFOHjk', 458328, 139852, 5556, 4.7, 203, 322, '3bff7e5f6cec689fda2a2a6fc1017a3d.jpeg', 1);
INSERT INTO public.beecost_product (id, code, name, current_price, old_price, reduced_price, point_evaluation, number_of_reviews, number_of_sells, image, place_of_sell_id) VALUES (4, 'AAA-xqYwGDWActODhKKIszYUZQ', 'DMOoGYkaomsCzEXQVCnkwS', 146146, 204144, 9952, 1.7, 516, 875, '3a2b114675c3341b001aab4739b8bf00.jpeg', 1);
INSERT INTO public.beecost_product (id, code, name, current_price, old_price, reduced_price, point_evaluation, number_of_reviews, number_of_sells, image, place_of_sell_id) VALUES (3, 'AAA-hPIfBwkPiBNPxNpegsGjOz', 'eEACeILYaDNkjFHlsOxvkc', 228258, 163409, 7599, 3.5, 763, 559, '1c9dc6173430f906fcf3c320f3391f70.jpeg', 1);
INSERT INTO public.beecost_product (id, code, name, current_price, old_price, reduced_price, point_evaluation, number_of_reviews, number_of_sells, image, place_of_sell_id) VALUES (40, 'BBB-JBjUzQWacpsKfuxpBfbDnY', 'RiwtXmHyJPHagnwIlrXOnv', 212002, 761213, 5428, 3.2, 692, 771, 'ccf199e415175f0495e2cdf753f56c36.jpg', 1);
INSERT INTO public.beecost_product (id, code, name, current_price, old_price, reduced_price, point_evaluation, number_of_reviews, number_of_sells, image, place_of_sell_id) VALUES (24, 'BBB-qCdJfUyRSvxVWTSpbHDrlF', 'xmjEHRRHEMTKokdCyVXRDe', 152116, 606153, 7851, 2.1, 942, 754, '38100dd5bac5f23c7cf3612d21241b48_tn.jpeg', 1);
INSERT INTO public.beecost_product (id, code, name, current_price, old_price, reduced_price, point_evaluation, number_of_reviews, number_of_sells, image, place_of_sell_id) VALUES (7, 'BBB-ICGAcmhCuUfPqAvkSzVXYQ', 'TnPvsTjnXBTLwCKytfXNHk', 860362, 756804, 4333, 1.4, 773, 66, 'f5b006f0d9014507b6bb206bb0280489_tn.jpeg', 1);
INSERT INTO public.beecost_product (id, code, name, current_price, old_price, reduced_price, point_evaluation, number_of_reviews, number_of_sells, image, place_of_sell_id) VALUES (6, 'BBB-ttYydRpKiCpHXfVlgMTqiJ', 'gjpNQEODzRwQmvuPEeIHWH', 747678, 196081, 7599, 3.2, 173, 311, '91f34d689efa3e2742f7055b5fbc59b3_tn.jpeg', 1);
INSERT INTO public.beecost_product (id, code, name, current_price, old_price, reduced_price, point_evaluation, number_of_reviews, number_of_sells, image, place_of_sell_id) VALUES (43, 'BBB-swQxwlzSDjiGsjCpOJAEGJ', 'FthojqKFIgDKtIiTdJPnUa', 799334, 384887, 3549, 1.9, 803, 464, '330b2b80cfc9ca6dea129faf5fc500d0_tn.jpeg', 1);
INSERT INTO public.beecost_product (id, code, name, current_price, old_price, reduced_price, point_evaluation, number_of_reviews, number_of_sells, image, place_of_sell_id) VALUES (29, 'BBB-qvCJAjwkxjNFWhTBjLXXGK', 'sZFwYRsUmdPrSHSzhcuWCi', 205505, 593048, 8792, 2.6, 742, 816, '5047dbd91a56f5cc439999050c32e9cd_tn.jpeg', 1);
INSERT INTO public.beecost_product (id, code, name, current_price, old_price, reduced_price, point_evaluation, number_of_reviews, number_of_sells, image, place_of_sell_id) VALUES (23, 'BBB-pmvAbcBdQUzsuWAvyVVEHn', 'diYgHnqyiqstCjyaPlWRnV', 293878, 808690, 7433, 3, 740, 400, '621736432aaaee768a4276ef742dfedb_tn.jpeg', 1);
INSERT INTO public.beecost_product (id, code, name, current_price, old_price, reduced_price, point_evaluation, number_of_reviews, number_of_sells, image, place_of_sell_id) VALUES (9, 'BBB-JaOCCkxWahJRZsuvtTSxJp', 'MQPSWnfwlLPZAEhcNfniOB', 459652, 789285, 6965, 4.7, 679, 858, 'dbf9960e35daf6cf54176e2a8ca58fba_tn.jpeg', 1);
INSERT INTO public.beecost_product (id, code, name, current_price, old_price, reduced_price, point_evaluation, number_of_reviews, number_of_sells, image, place_of_sell_id) VALUES (37, 'BBB-uCVRUZzvdQQKwerkmpncer', 'zfBKqPZdbPYpgYsjGrpLts', 322755, 381805, 6479, 2.2, 600, 799, '88f174c91b4a66311b1a1a0cd2e4fbad_tn.jpeg', 1);
INSERT INTO public.beecost_product (id, code, name, current_price, old_price, reduced_price, point_evaluation, number_of_reviews, number_of_sells, image, place_of_sell_id) VALUES (25, 'BBB-oEvWkRUZacLXMizCOujHVM', 'MIgatUcxRzceYPSdTuPkhN', 437467, 384302, 2705, 4.4, 547, 642, '3515487602fae1e355acd5efabf179aa_tn.jpeg', 1);
INSERT INTO public.beecost_product (id, code, name, current_price, old_price, reduced_price, point_evaluation, number_of_reviews, number_of_sells, image, place_of_sell_id) VALUES (30, 'BBB-RwISDicvzvjoIVtReoxWGZ', 'blJgLOBqlrAyYMZIrycoOw', 202961, 474739, 8591, 3.7, 133, 267, '2024e6ebdfe593afe46f513a8715d134_tn.jpeg', 1);
INSERT INTO public.beecost_product (id, code, name, current_price, old_price, reduced_price, point_evaluation, number_of_reviews, number_of_sells, image, place_of_sell_id) VALUES (0, 'BBB-SPmNddOkctXdPEYYfSIzHT', 'HKvCsdPmcbTszLdRdrVFlB', 595705, 712525, 7363, 1.2, 297, 219, '00820fc89a54a5cbdfad3c1bcb6014e0_tn.jpeg', 1);
INSERT INTO public.beecost_product (id, code, name, current_price, old_price, reduced_price, point_evaluation, number_of_reviews, number_of_sells, image, place_of_sell_id) VALUES (32, 'BBB-iRHPrdKKcDivGUhljxGkcQ', 'vechOGURVbGuIYGjpbMsdB', 603074, 452057, 8847, 4, 839, 205, 'dbf9960e35daf6cf54176e2a8ca58fba_tn.jpeg', 1);
INSERT INTO public.beecost_product (id, code, name, current_price, old_price, reduced_price, point_evaluation, number_of_reviews, number_of_sells, image, place_of_sell_id) VALUES (35, 'BBB-KCDuXFHEDmfxxdgbwzqOxo', 'eDLXejOtbklhJRYfXdPWRX', 105173, 952398, 4247, 1.5, 278, 246, 'b388206e3b00c8fe95460a57c8fd6b10_tn.jpeg', 1);
INSERT INTO public.beecost_product (id, code, name, current_price, old_price, reduced_price, point_evaluation, number_of_reviews, number_of_sells, image, place_of_sell_id) VALUES (45, 'BBB-VNqyJbwVZOhRbjkXFoiwmQ', 'mfCPwgKccxeTYskUDAXcEc', 711668, 860709, 8558, 3.1, 346, 590, '5ace1ad5db9dd8c39e133d49b6ba22be_tn.jpeg', 1);


--
-- Data for Name: beecost_review; Type: TABLE DATA; Schema: public; Owner: root
--

INSERT INTO public.beecost_review (id, comment, "time", image1, image2, image3, image4, image5, place_of_sell_id, product_id, user_id) VALUES (1, 'kTCythJrcqvIOiWNttLcRL', '2 years ago', 'NQjUYdncvRdtuFVYmxTkMV', 'oXFGswDeuXFzjhuVMaFTlI', 'gbNbkAnmsaELJaRufyzeNU', 'pYlWoeGRWLdCntZEffEpYa', 'gginMpmvAoOLsqtifpnhZX', 1, 0, 0);
INSERT INTO public.beecost_review (id, comment, "time", image1, image2, image3, image4, image5, place_of_sell_id, product_id, user_id) VALUES (4, 'aXLvWQEhKILmvhpWIKAoQP', '2 years ago', 'tiexfkhBgmhuiFIczVOidO', 'ecDfHyGGJRSsSBDKucorOK', 'LNOyKxDhkRcOiUDNkkkHUZ', 'uwbJxhDyiDZBOZVSagxFfS', 'sYOEHAfXfMNCGyvwSQTFZN', 1, 3, 3);
INSERT INTO public.beecost_review (id, comment, "time", image1, image2, image3, image4, image5, place_of_sell_id, product_id, user_id) VALUES (5, 'kztmEUxwbTVCFWRrgmZYvl', '2 years ago', 'nKlJNpEaCEWfQdnpanKfNj', 'ocunRuRMNTYQtRvmhYxLoN', 'DGTZFFIdtHZSnBSrAkuJQY', 'YceGlCfytJZqpBQgskSDzP', 'fVvKyvBLsCJFGmaDGigvbh', 1, 4, 4);
INSERT INTO public.beecost_review (id, comment, "time", image1, image2, image3, image4, image5, place_of_sell_id, product_id, user_id) VALUES (6, 'TSgnzPkbkRXntZwUpMixwS', '2 years ago', 'UWGtYDpHccaXSxVKRXVyzb', 'ilrZciEKYQmRuvvBYveMFy', 'pqQfHNqIhGYpvkvpQSvwCu', 'zxzmYWvIDpvPDvTzZxlvqu', 'ADjLAFynDzUJWalQOLdoyD', 1, 5, 5);
INSERT INTO public.beecost_review (id, comment, "time", image1, image2, image3, image4, image5, place_of_sell_id, product_id, user_id) VALUES (7, 'TmHAZNnSdbkYTUoxPPyAdV', '2 years ago', 'lirfKOAfrYGTZPBvknpLJr', 'eEwJCigHaDYQeqhzqqgZqB', 'eZWxLNvQFlxRGQMRrrdInA', 'rsjdQiTjQPyppOGOhoaTdm', 'PNqMFfYJsrzytFepkZnViT', 1, 6, 6);
INSERT INTO public.beecost_review (id, comment, "time", image1, image2, image3, image4, image5, place_of_sell_id, product_id, user_id) VALUES (8, 'vMVxuVINWjauJtLiEFMuCi', '2 years ago', 'rGEQSsOqaOREmJFccviqId', 'IUMjDVVDKgDHYKIzGZyvDY', 'KFuTcoEZxVCuRBVDpajuil', 'OcJSeapStiJqxWflrQAjYF', 'oQLzsbDzpHVXlFcwZuTQTJ', 1, 7, 7);
INSERT INTO public.beecost_review (id, comment, "time", image1, image2, image3, image4, image5, place_of_sell_id, product_id, user_id) VALUES (9, 'tcZMmVqVkqUXmuUZOKPhZD', '2 years ago', 'lntwSckyTRycHpEfKjSmRb', 'qVABWGcAzbMOOMPqbAFHbi', 'KFQeZzgKTvsdjAktOhKexa', 'BhHJNeqmYzeMfqVyIaLctE', 'raDGmpIhkHWjpGZSQYguuq', 1, 8, 8);
INSERT INTO public.beecost_review (id, comment, "time", image1, image2, image3, image4, image5, place_of_sell_id, product_id, user_id) VALUES (10, 'HXIzbpoyfpIGuzoGUkGpeK', '2 years ago', 'PcyVaILwpUJjVzlDZwJCKL', 'gQtVPvpBYnnAAblHVWbiDY', 'TVWUQGatVwmqlGKdpaBRgV', 'MZTyirsdmoNNIhaCquJGOY', 'QSdIHwTSpAAtSFqWdQzNvh', 1, 9, 9);
INSERT INTO public.beecost_review (id, comment, "time", image1, image2, image3, image4, image5, place_of_sell_id, product_id, user_id) VALUES (3, 'Khá là ngon nhưng thỉnh thoảng cổng mạng bị đứt, mình nghĩ là do bị nóng quá, mình dùng 3 cổng USB + HDMI + LAN, liên tục tầm 10 mấy tiếng thì tự nhiên mất LAN, rút ra để nguội tý, restart máy lại thì bình thường', '2 years ago', '', '', '', '', '', 1, 1, 2);
INSERT INTO public.beecost_review (id, comment, "time", image1, image2, image3, image4, image5, place_of_sell_id, product_id, user_id) VALUES (2, 'Sp tốt Mua lúc 8g tối 9g nhận được luôn Shop dịch vụ tốt Mình dùng type c qua monitor 4k đường hdmi i', '2 years ago', 'gfaZFubTOYIxlTbWPpqTzC.jpeg', 'uRtsMjVdDGMaeFczeTrAov.jpeg', 'ZVOqhxkbzsQSuIgKrAPLxi.jpeg', 'GMmaRdHuRvzZIqNqstQfIi.jpeg', 'QgAOBFKaJpqgIgyhZNMlpQ.jpg', 1, 1, 1);


--
-- Data for Name: beecost_user; Type: TABLE DATA; Schema: public; Owner: root
--

INSERT INTO public.beecost_user (id, name, avatar) VALUES (0, 'Carl Rose Jr.', 'syadgXXkRVKBabONRejFCj');
INSERT INTO public.beecost_user (id, name, avatar) VALUES (7, 'Anthony Esparza', 'oOIjTryFFVbRwGyLNRdjZl');
INSERT INTO public.beecost_user (id, name, avatar) VALUES (4, 'Michael Figueroa', 'ktitDTVnyGxcbgTNzLbouE');
INSERT INTO public.beecost_user (id, name, avatar) VALUES (8, 'Brittany Gilbert', 'leabPnKDdpeIfKQNdbdhhg');
INSERT INTO public.beecost_user (id, name, avatar) VALUES (6, 'Erin Smith', 'OfSWDZtrTXxAcgVMmacYWR');
INSERT INTO public.beecost_user (id, name, avatar) VALUES (5, 'Lauren Webb', 'JlLaurQWFLeTCVUHGubijV');
INSERT INTO public.beecost_user (id, name, avatar) VALUES (3, 'Barbara Chavez', 'GyAFwjRLkPgQNoSdoRWXRF');
INSERT INTO public.beecost_user (id, name, avatar) VALUES (9, 'William Downs', 'jwzbzLKrXcOzcGzHRrtAiB');
INSERT INTO public.beecost_user (id, name, avatar) VALUES (1, 'Brianna Zamora', 'cIOXkKKxIjQNfWVjdtGqDX.jpeg');
INSERT INTO public.beecost_user (id, name, avatar) VALUES (2, 'Samantha Melendez', 'aTwgthAwjXsJPkviyHuYBv.jpeg');


--
-- Data for Name: django_admin_log; Type: TABLE DATA; Schema: public; Owner: root
--



--
-- Data for Name: django_content_type; Type: TABLE DATA; Schema: public; Owner: root
--

INSERT INTO public.django_content_type (id, app_label, model) VALUES (1, 'admin', 'logentry');
INSERT INTO public.django_content_type (id, app_label, model) VALUES (2, 'auth', 'permission');
INSERT INTO public.django_content_type (id, app_label, model) VALUES (3, 'auth', 'group');
INSERT INTO public.django_content_type (id, app_label, model) VALUES (4, 'auth', 'user');
INSERT INTO public.django_content_type (id, app_label, model) VALUES (5, 'contenttypes', 'contenttype');
INSERT INTO public.django_content_type (id, app_label, model) VALUES (6, 'sessions', 'session');
INSERT INTO public.django_content_type (id, app_label, model) VALUES (7, 'beecost', 'placeofsell');
INSERT INTO public.django_content_type (id, app_label, model) VALUES (9, 'beecost', 'user');
INSERT INTO public.django_content_type (id, app_label, model) VALUES (10, 'beecost', 'product');
INSERT INTO public.django_content_type (id, app_label, model) VALUES (11, 'beecost', 'description');
INSERT INTO public.django_content_type (id, app_label, model) VALUES (12, 'beecost', 'review');
INSERT INTO public.django_content_type (id, app_label, model) VALUES (8, 'beecost', 'posts');


--
-- Data for Name: django_migrations; Type: TABLE DATA; Schema: public; Owner: root
--

INSERT INTO public.django_migrations (id, app, name, applied) VALUES (1, 'contenttypes', '0001_initial', '2023-12-21 01:13:37.735772+00');
INSERT INTO public.django_migrations (id, app, name, applied) VALUES (2, 'auth', '0001_initial', '2023-12-21 01:13:37.886557+00');
INSERT INTO public.django_migrations (id, app, name, applied) VALUES (3, 'admin', '0001_initial', '2023-12-21 01:13:37.923868+00');
INSERT INTO public.django_migrations (id, app, name, applied) VALUES (4, 'admin', '0002_logentry_remove_auto_add', '2023-12-21 01:13:37.930902+00');
INSERT INTO public.django_migrations (id, app, name, applied) VALUES (5, 'admin', '0003_logentry_add_action_flag_choices', '2023-12-21 01:13:37.938958+00');
INSERT INTO public.django_migrations (id, app, name, applied) VALUES (6, 'contenttypes', '0002_remove_content_type_name', '2023-12-21 01:13:37.957087+00');
INSERT INTO public.django_migrations (id, app, name, applied) VALUES (7, 'auth', '0002_alter_permission_name_max_length', '2023-12-21 01:13:37.964623+00');
INSERT INTO public.django_migrations (id, app, name, applied) VALUES (8, 'auth', '0003_alter_user_email_max_length', '2023-12-21 01:13:37.972011+00');
INSERT INTO public.django_migrations (id, app, name, applied) VALUES (9, 'auth', '0004_alter_user_username_opts', '2023-12-21 01:13:37.979557+00');
INSERT INTO public.django_migrations (id, app, name, applied) VALUES (10, 'auth', '0005_alter_user_last_login_null', '2023-12-21 01:13:37.985676+00');
INSERT INTO public.django_migrations (id, app, name, applied) VALUES (11, 'auth', '0006_require_contenttypes_0002', '2023-12-21 01:13:37.987891+00');
INSERT INTO public.django_migrations (id, app, name, applied) VALUES (12, 'auth', '0007_alter_validators_add_error_messages', '2023-12-21 01:13:37.994448+00');
INSERT INTO public.django_migrations (id, app, name, applied) VALUES (13, 'auth', '0008_alter_user_username_max_length', '2023-12-21 01:13:38.008883+00');
INSERT INTO public.django_migrations (id, app, name, applied) VALUES (14, 'auth', '0009_alter_user_last_name_max_length', '2023-12-21 01:13:38.01791+00');
INSERT INTO public.django_migrations (id, app, name, applied) VALUES (15, 'auth', '0010_alter_group_name_max_length', '2023-12-21 01:13:38.026102+00');
INSERT INTO public.django_migrations (id, app, name, applied) VALUES (16, 'auth', '0011_update_proxy_permissions', '2023-12-21 01:13:38.032044+00');
INSERT INTO public.django_migrations (id, app, name, applied) VALUES (17, 'auth', '0012_alter_user_first_name_max_length', '2023-12-21 01:13:38.04101+00');
INSERT INTO public.django_migrations (id, app, name, applied) VALUES (18, 'beecost', '0001_initial', '2023-12-21 01:13:38.104862+00');
INSERT INTO public.django_migrations (id, app, name, applied) VALUES (19, 'sessions', '0001_initial', '2023-12-21 01:13:38.119633+00');
INSERT INTO public.django_migrations (id, app, name, applied) VALUES (20, 'beecost', '0002_placeofsell_image1_placeofsell_image2', '2023-12-21 01:27:43.262816+00');
INSERT INTO public.django_migrations (id, app, name, applied) VALUES (21, 'beecost', '0003_alter_product_current_price_alter_product_old_price_and_more', '2023-12-21 01:51:41.124942+00');
INSERT INTO public.django_migrations (id, app, name, applied) VALUES (22, 'beecost', '0004_rename_post_posts', '2023-12-24 04:12:01.643032+00');


--
-- Data for Name: django_session; Type: TABLE DATA; Schema: public; Owner: root
--



--
-- Name: auth_group_id_seq; Type: SEQUENCE SET; Schema: public; Owner: root
--

SELECT pg_catalog.setval('public.auth_group_id_seq', 1, false);


--
-- Name: auth_group_permissions_id_seq; Type: SEQUENCE SET; Schema: public; Owner: root
--

SELECT pg_catalog.setval('public.auth_group_permissions_id_seq', 1, false);


--
-- Name: auth_permission_id_seq; Type: SEQUENCE SET; Schema: public; Owner: root
--

SELECT pg_catalog.setval('public.auth_permission_id_seq', 52, true);


--
-- Name: auth_user_groups_id_seq; Type: SEQUENCE SET; Schema: public; Owner: root
--

SELECT pg_catalog.setval('public.auth_user_groups_id_seq', 1, false);


--
-- Name: auth_user_id_seq; Type: SEQUENCE SET; Schema: public; Owner: root
--

SELECT pg_catalog.setval('public.auth_user_id_seq', 1, false);


--
-- Name: auth_user_user_permissions_id_seq; Type: SEQUENCE SET; Schema: public; Owner: root
--

SELECT pg_catalog.setval('public.auth_user_user_permissions_id_seq', 1, false);


--
-- Name: beecost_description_id_seq; Type: SEQUENCE SET; Schema: public; Owner: root
--

SELECT pg_catalog.setval('public.beecost_description_id_seq', 10, true);


--
-- Name: beecost_placeofsell_id_seq; Type: SEQUENCE SET; Schema: public; Owner: root
--

SELECT pg_catalog.setval('public.beecost_placeofsell_id_seq', 3, true);


--
-- Name: beecost_post_id_seq; Type: SEQUENCE SET; Schema: public; Owner: root
--

SELECT pg_catalog.setval('public.beecost_post_id_seq', 3, true);


--
-- Name: beecost_product_id_seq; Type: SEQUENCE SET; Schema: public; Owner: root
--

SELECT pg_catalog.setval('public.beecost_product_id_seq', 45, true);


--
-- Name: beecost_review_id_seq; Type: SEQUENCE SET; Schema: public; Owner: root
--

SELECT pg_catalog.setval('public.beecost_review_id_seq', 10, true);


--
-- Name: beecost_user_id_seq; Type: SEQUENCE SET; Schema: public; Owner: root
--

SELECT pg_catalog.setval('public.beecost_user_id_seq', 30, true);


--
-- Name: django_admin_log_id_seq; Type: SEQUENCE SET; Schema: public; Owner: root
--

SELECT pg_catalog.setval('public.django_admin_log_id_seq', 1, false);


--
-- Name: django_content_type_id_seq; Type: SEQUENCE SET; Schema: public; Owner: root
--

SELECT pg_catalog.setval('public.django_content_type_id_seq', 12, true);


--
-- Name: django_migrations_id_seq; Type: SEQUENCE SET; Schema: public; Owner: root
--

SELECT pg_catalog.setval('public.django_migrations_id_seq', 22, true);


--
-- Name: auth_group auth_group_name_key; Type: CONSTRAINT; Schema: public; Owner: root
--

ALTER TABLE ONLY public.auth_group
    ADD CONSTRAINT auth_group_name_key UNIQUE (name);


--
-- Name: auth_group_permissions auth_group_permissions_group_id_permission_id_0cd325b0_uniq; Type: CONSTRAINT; Schema: public; Owner: root
--

ALTER TABLE ONLY public.auth_group_permissions
    ADD CONSTRAINT auth_group_permissions_group_id_permission_id_0cd325b0_uniq UNIQUE (group_id, permission_id);


--
-- Name: auth_group_permissions auth_group_permissions_pkey; Type: CONSTRAINT; Schema: public; Owner: root
--

ALTER TABLE ONLY public.auth_group_permissions
    ADD CONSTRAINT auth_group_permissions_pkey PRIMARY KEY (id);


--
-- Name: auth_group auth_group_pkey; Type: CONSTRAINT; Schema: public; Owner: root
--

ALTER TABLE ONLY public.auth_group
    ADD CONSTRAINT auth_group_pkey PRIMARY KEY (id);


--
-- Name: auth_permission auth_permission_content_type_id_codename_01ab375a_uniq; Type: CONSTRAINT; Schema: public; Owner: root
--

ALTER TABLE ONLY public.auth_permission
    ADD CONSTRAINT auth_permission_content_type_id_codename_01ab375a_uniq UNIQUE (content_type_id, codename);


--
-- Name: auth_permission auth_permission_pkey; Type: CONSTRAINT; Schema: public; Owner: root
--

ALTER TABLE ONLY public.auth_permission
    ADD CONSTRAINT auth_permission_pkey PRIMARY KEY (id);


--
-- Name: auth_user_groups auth_user_groups_pkey; Type: CONSTRAINT; Schema: public; Owner: root
--

ALTER TABLE ONLY public.auth_user_groups
    ADD CONSTRAINT auth_user_groups_pkey PRIMARY KEY (id);


--
-- Name: auth_user_groups auth_user_groups_user_id_group_id_94350c0c_uniq; Type: CONSTRAINT; Schema: public; Owner: root
--

ALTER TABLE ONLY public.auth_user_groups
    ADD CONSTRAINT auth_user_groups_user_id_group_id_94350c0c_uniq UNIQUE (user_id, group_id);


--
-- Name: auth_user auth_user_pkey; Type: CONSTRAINT; Schema: public; Owner: root
--

ALTER TABLE ONLY public.auth_user
    ADD CONSTRAINT auth_user_pkey PRIMARY KEY (id);


--
-- Name: auth_user_user_permissions auth_user_user_permissions_pkey; Type: CONSTRAINT; Schema: public; Owner: root
--

ALTER TABLE ONLY public.auth_user_user_permissions
    ADD CONSTRAINT auth_user_user_permissions_pkey PRIMARY KEY (id);


--
-- Name: auth_user_user_permissions auth_user_user_permissions_user_id_permission_id_14a6b632_uniq; Type: CONSTRAINT; Schema: public; Owner: root
--

ALTER TABLE ONLY public.auth_user_user_permissions
    ADD CONSTRAINT auth_user_user_permissions_user_id_permission_id_14a6b632_uniq UNIQUE (user_id, permission_id);


--
-- Name: auth_user auth_user_username_key; Type: CONSTRAINT; Schema: public; Owner: root
--

ALTER TABLE ONLY public.auth_user
    ADD CONSTRAINT auth_user_username_key UNIQUE (username);


--
-- Name: beecost_description beecost_description_pkey; Type: CONSTRAINT; Schema: public; Owner: root
--

ALTER TABLE ONLY public.beecost_description
    ADD CONSTRAINT beecost_description_pkey PRIMARY KEY (id);


--
-- Name: beecost_placeofsell beecost_placeofsell_pkey; Type: CONSTRAINT; Schema: public; Owner: root
--

ALTER TABLE ONLY public.beecost_placeofsell
    ADD CONSTRAINT beecost_placeofsell_pkey PRIMARY KEY (id);


--
-- Name: beecost_posts beecost_post_pkey; Type: CONSTRAINT; Schema: public; Owner: root
--

ALTER TABLE ONLY public.beecost_posts
    ADD CONSTRAINT beecost_post_pkey PRIMARY KEY (id);


--
-- Name: beecost_product beecost_product_pkey; Type: CONSTRAINT; Schema: public; Owner: root
--

ALTER TABLE ONLY public.beecost_product
    ADD CONSTRAINT beecost_product_pkey PRIMARY KEY (id);


--
-- Name: beecost_review beecost_review_pkey; Type: CONSTRAINT; Schema: public; Owner: root
--

ALTER TABLE ONLY public.beecost_review
    ADD CONSTRAINT beecost_review_pkey PRIMARY KEY (id);


--
-- Name: beecost_user beecost_user_pkey; Type: CONSTRAINT; Schema: public; Owner: root
--

ALTER TABLE ONLY public.beecost_user
    ADD CONSTRAINT beecost_user_pkey PRIMARY KEY (id);


--
-- Name: django_admin_log django_admin_log_pkey; Type: CONSTRAINT; Schema: public; Owner: root
--

ALTER TABLE ONLY public.django_admin_log
    ADD CONSTRAINT django_admin_log_pkey PRIMARY KEY (id);


--
-- Name: django_content_type django_content_type_app_label_model_76bd3d3b_uniq; Type: CONSTRAINT; Schema: public; Owner: root
--

ALTER TABLE ONLY public.django_content_type
    ADD CONSTRAINT django_content_type_app_label_model_76bd3d3b_uniq UNIQUE (app_label, model);


--
-- Name: django_content_type django_content_type_pkey; Type: CONSTRAINT; Schema: public; Owner: root
--

ALTER TABLE ONLY public.django_content_type
    ADD CONSTRAINT django_content_type_pkey PRIMARY KEY (id);


--
-- Name: django_migrations django_migrations_pkey; Type: CONSTRAINT; Schema: public; Owner: root
--

ALTER TABLE ONLY public.django_migrations
    ADD CONSTRAINT django_migrations_pkey PRIMARY KEY (id);


--
-- Name: django_session django_session_pkey; Type: CONSTRAINT; Schema: public; Owner: root
--

ALTER TABLE ONLY public.django_session
    ADD CONSTRAINT django_session_pkey PRIMARY KEY (session_key);


--
-- Name: auth_group_name_a6ea08ec_like; Type: INDEX; Schema: public; Owner: root
--

CREATE INDEX auth_group_name_a6ea08ec_like ON public.auth_group USING btree (name varchar_pattern_ops);


--
-- Name: auth_group_permissions_group_id_b120cbf9; Type: INDEX; Schema: public; Owner: root
--

CREATE INDEX auth_group_permissions_group_id_b120cbf9 ON public.auth_group_permissions USING btree (group_id);


--
-- Name: auth_group_permissions_permission_id_84c5c92e; Type: INDEX; Schema: public; Owner: root
--

CREATE INDEX auth_group_permissions_permission_id_84c5c92e ON public.auth_group_permissions USING btree (permission_id);


--
-- Name: auth_permission_content_type_id_2f476e4b; Type: INDEX; Schema: public; Owner: root
--

CREATE INDEX auth_permission_content_type_id_2f476e4b ON public.auth_permission USING btree (content_type_id);


--
-- Name: auth_user_groups_group_id_97559544; Type: INDEX; Schema: public; Owner: root
--

CREATE INDEX auth_user_groups_group_id_97559544 ON public.auth_user_groups USING btree (group_id);


--
-- Name: auth_user_groups_user_id_6a12ed8b; Type: INDEX; Schema: public; Owner: root
--

CREATE INDEX auth_user_groups_user_id_6a12ed8b ON public.auth_user_groups USING btree (user_id);


--
-- Name: auth_user_user_permissions_permission_id_1fbb5f2c; Type: INDEX; Schema: public; Owner: root
--

CREATE INDEX auth_user_user_permissions_permission_id_1fbb5f2c ON public.auth_user_user_permissions USING btree (permission_id);


--
-- Name: auth_user_user_permissions_user_id_a95ead1b; Type: INDEX; Schema: public; Owner: root
--

CREATE INDEX auth_user_user_permissions_user_id_a95ead1b ON public.auth_user_user_permissions USING btree (user_id);


--
-- Name: auth_user_username_6821ab7c_like; Type: INDEX; Schema: public; Owner: root
--

CREATE INDEX auth_user_username_6821ab7c_like ON public.auth_user USING btree (username varchar_pattern_ops);


--
-- Name: beecost_description_product_id_e068a44f; Type: INDEX; Schema: public; Owner: root
--

CREATE INDEX beecost_description_product_id_e068a44f ON public.beecost_description USING btree (product_id);


--
-- Name: beecost_product_place_of_sell_id_1196a782; Type: INDEX; Schema: public; Owner: root
--

CREATE INDEX beecost_product_place_of_sell_id_1196a782 ON public.beecost_product USING btree (place_of_sell_id);


--
-- Name: beecost_review_place_of_sell_id_1fe9e79c; Type: INDEX; Schema: public; Owner: root
--

CREATE INDEX beecost_review_place_of_sell_id_1fe9e79c ON public.beecost_review USING btree (place_of_sell_id);


--
-- Name: beecost_review_product_id_26808cc2; Type: INDEX; Schema: public; Owner: root
--

CREATE INDEX beecost_review_product_id_26808cc2 ON public.beecost_review USING btree (product_id);


--
-- Name: beecost_review_user_id_f1db114f; Type: INDEX; Schema: public; Owner: root
--

CREATE INDEX beecost_review_user_id_f1db114f ON public.beecost_review USING btree (user_id);


--
-- Name: django_admin_log_content_type_id_c4bce8eb; Type: INDEX; Schema: public; Owner: root
--

CREATE INDEX django_admin_log_content_type_id_c4bce8eb ON public.django_admin_log USING btree (content_type_id);


--
-- Name: django_admin_log_user_id_c564eba6; Type: INDEX; Schema: public; Owner: root
--

CREATE INDEX django_admin_log_user_id_c564eba6 ON public.django_admin_log USING btree (user_id);


--
-- Name: django_session_expire_date_a5c62663; Type: INDEX; Schema: public; Owner: root
--

CREATE INDEX django_session_expire_date_a5c62663 ON public.django_session USING btree (expire_date);


--
-- Name: django_session_session_key_c0390e0f_like; Type: INDEX; Schema: public; Owner: root
--

CREATE INDEX django_session_session_key_c0390e0f_like ON public.django_session USING btree (session_key varchar_pattern_ops);


--
-- Name: auth_group_permissions auth_group_permissio_permission_id_84c5c92e_fk_auth_perm; Type: FK CONSTRAINT; Schema: public; Owner: root
--

ALTER TABLE ONLY public.auth_group_permissions
    ADD CONSTRAINT auth_group_permissio_permission_id_84c5c92e_fk_auth_perm FOREIGN KEY (permission_id) REFERENCES public.auth_permission(id) DEFERRABLE INITIALLY DEFERRED;


--
-- Name: auth_group_permissions auth_group_permissions_group_id_b120cbf9_fk_auth_group_id; Type: FK CONSTRAINT; Schema: public; Owner: root
--

ALTER TABLE ONLY public.auth_group_permissions
    ADD CONSTRAINT auth_group_permissions_group_id_b120cbf9_fk_auth_group_id FOREIGN KEY (group_id) REFERENCES public.auth_group(id) DEFERRABLE INITIALLY DEFERRED;


--
-- Name: auth_permission auth_permission_content_type_id_2f476e4b_fk_django_co; Type: FK CONSTRAINT; Schema: public; Owner: root
--

ALTER TABLE ONLY public.auth_permission
    ADD CONSTRAINT auth_permission_content_type_id_2f476e4b_fk_django_co FOREIGN KEY (content_type_id) REFERENCES public.django_content_type(id) DEFERRABLE INITIALLY DEFERRED;


--
-- Name: auth_user_groups auth_user_groups_group_id_97559544_fk_auth_group_id; Type: FK CONSTRAINT; Schema: public; Owner: root
--

ALTER TABLE ONLY public.auth_user_groups
    ADD CONSTRAINT auth_user_groups_group_id_97559544_fk_auth_group_id FOREIGN KEY (group_id) REFERENCES public.auth_group(id) DEFERRABLE INITIALLY DEFERRED;


--
-- Name: auth_user_groups auth_user_groups_user_id_6a12ed8b_fk_auth_user_id; Type: FK CONSTRAINT; Schema: public; Owner: root
--

ALTER TABLE ONLY public.auth_user_groups
    ADD CONSTRAINT auth_user_groups_user_id_6a12ed8b_fk_auth_user_id FOREIGN KEY (user_id) REFERENCES public.auth_user(id) DEFERRABLE INITIALLY DEFERRED;


--
-- Name: auth_user_user_permissions auth_user_user_permi_permission_id_1fbb5f2c_fk_auth_perm; Type: FK CONSTRAINT; Schema: public; Owner: root
--

ALTER TABLE ONLY public.auth_user_user_permissions
    ADD CONSTRAINT auth_user_user_permi_permission_id_1fbb5f2c_fk_auth_perm FOREIGN KEY (permission_id) REFERENCES public.auth_permission(id) DEFERRABLE INITIALLY DEFERRED;


--
-- Name: auth_user_user_permissions auth_user_user_permissions_user_id_a95ead1b_fk_auth_user_id; Type: FK CONSTRAINT; Schema: public; Owner: root
--

ALTER TABLE ONLY public.auth_user_user_permissions
    ADD CONSTRAINT auth_user_user_permissions_user_id_a95ead1b_fk_auth_user_id FOREIGN KEY (user_id) REFERENCES public.auth_user(id) DEFERRABLE INITIALLY DEFERRED;


--
-- Name: beecost_description beecost_description_product_id_e068a44f_fk_beecost_product_id; Type: FK CONSTRAINT; Schema: public; Owner: root
--

ALTER TABLE ONLY public.beecost_description
    ADD CONSTRAINT beecost_description_product_id_e068a44f_fk_beecost_product_id FOREIGN KEY (product_id) REFERENCES public.beecost_product(id) DEFERRABLE INITIALLY DEFERRED;


--
-- Name: beecost_product beecost_product_place_of_sell_id_1196a782_fk_beecost_p; Type: FK CONSTRAINT; Schema: public; Owner: root
--

ALTER TABLE ONLY public.beecost_product
    ADD CONSTRAINT beecost_product_place_of_sell_id_1196a782_fk_beecost_p FOREIGN KEY (place_of_sell_id) REFERENCES public.beecost_placeofsell(id) DEFERRABLE INITIALLY DEFERRED;


--
-- Name: beecost_review beecost_review_place_of_sell_id_1fe9e79c_fk_beecost_p; Type: FK CONSTRAINT; Schema: public; Owner: root
--

ALTER TABLE ONLY public.beecost_review
    ADD CONSTRAINT beecost_review_place_of_sell_id_1fe9e79c_fk_beecost_p FOREIGN KEY (place_of_sell_id) REFERENCES public.beecost_placeofsell(id) DEFERRABLE INITIALLY DEFERRED;


--
-- Name: beecost_review beecost_review_product_id_26808cc2_fk_beecost_product_id; Type: FK CONSTRAINT; Schema: public; Owner: root
--

ALTER TABLE ONLY public.beecost_review
    ADD CONSTRAINT beecost_review_product_id_26808cc2_fk_beecost_product_id FOREIGN KEY (product_id) REFERENCES public.beecost_product(id) DEFERRABLE INITIALLY DEFERRED;


--
-- Name: beecost_review beecost_review_user_id_f1db114f_fk_beecost_user_id; Type: FK CONSTRAINT; Schema: public; Owner: root
--

ALTER TABLE ONLY public.beecost_review
    ADD CONSTRAINT beecost_review_user_id_f1db114f_fk_beecost_user_id FOREIGN KEY (user_id) REFERENCES public.beecost_user(id) DEFERRABLE INITIALLY DEFERRED;


--
-- Name: django_admin_log django_admin_log_content_type_id_c4bce8eb_fk_django_co; Type: FK CONSTRAINT; Schema: public; Owner: root
--

ALTER TABLE ONLY public.django_admin_log
    ADD CONSTRAINT django_admin_log_content_type_id_c4bce8eb_fk_django_co FOREIGN KEY (content_type_id) REFERENCES public.django_content_type(id) DEFERRABLE INITIALLY DEFERRED;


--
-- Name: django_admin_log django_admin_log_user_id_c564eba6_fk_auth_user_id; Type: FK CONSTRAINT; Schema: public; Owner: root
--

ALTER TABLE ONLY public.django_admin_log
    ADD CONSTRAINT django_admin_log_user_id_c564eba6_fk_auth_user_id FOREIGN KEY (user_id) REFERENCES public.auth_user(id) DEFERRABLE INITIALLY DEFERRED;


--
-- PostgreSQL database dump complete
--

